file_id,noun,adj,propn,adv,intj,cconj,sconj,adp,det,num,punct,symbol,pron,abbr,TTR,avg_word_len,avr_sent_len,hapax_legomena,coref,see_pron,see_det,1st_pron,2nd_pron,3rd_pron,active_voice,passive_voice,1st_prs_verb,2nd_prs_verb,3rd_prs_verb,core_verb,verbtype_ratio,da_inf,gerund,supine,verb_particle,discourse,pres_tense,past_tense,ind_mood,cond_mood,imp_mood,quot_mood,neg_polarity,nom_case,gen_case,part_case,ill_case,ine_case,ela_case,alla_case,ade_case,abl_case,tra_case,ter_case,ess_case,abe_case,com_case,nsubj,nsubj_cop,modal,acl:relc,csubj,csubj_cop,obj,ccomp,xcomp,obl,nmod,appos,nummod,amod,advcl,voc,cop,conj,cc,yneemid
www_le_ee.ela_240831,0.301587301587302,0.0476190476190476,0.0714285714285714,0.0317460317460317,0,0.0555555555555556,0.0238095238095238,0.0317460317460317,0.0158730158730159,0.0555555555555556,0.126984126984127,0,0.0476190476190476,0.0158730158730159,0.73015873015873,5.20634920634921,18,0.547619047619048,0.157894736842105,0.0158730158730159,0,0.00793650793650794,0,0.00793650793650794,0.182539682539683,0.00793650793650794,0,0,0.119047619047619,0.0952380952380952,2.57142857142857,0.00793650793650794,0,0.00793650793650794,0.0396825396825397,0,0.0396825396825397,0.142857142857143,0.142857142857143,0,0,0,0.0158730158730159,0.182539682539683,0.198412698412698,0.0317460317460317,0,0.0238095238095238,0.0317460317460317,0.0158730158730159,0.0158730158730159,0,0,0,0,0,0,0.0873015873015873,0.0158730158730159,0.0396825396825397,0,0.00793650793650794,0,0.0634920634920635,0.0714285714285714,0.00793650793650794,0.0952380952380952,0.103174603174603,0.0158730158730159,0.0396825396825397,0.0317460317460317,0,0,0.0158730158730159,0.0714285714285714,0.0555555555555556,0
www_nami-nami_ee.ela_173054,0.297520661157025,0.0661157024793388,0.0165289256198347,0.0909090909090909,0,0.0743801652892562,0.0330578512396694,0.0247933884297521,0,0.0247933884297521,0.15702479338843,0,0.00826446280991736,0,0.669421487603306,5.11570247933884,10.08,0.446280991735537,0.0277777777777778,0.00826446280991736,0,0,0,0,0.190082644628099,0.0165289256198347,0,0.15702479338843,0.0330578512396694,0.0495867768595041,5.75,0.00826446280991736,0.00826446280991736,0,0.0165289256198347,0,0.181818181818182,0.0247933884297521,0.0413223140495868,0,0.148760330578512,0,0,0.173553719008264,0.0413223140495868,0.0413223140495868,0.00826446280991736,0.0247933884297521,0,0,0.0330578512396694,0.00826446280991736,0.0165289256198347,0.0247933884297521,0,0,0.0165289256198347,0.0165289256198347,0.0165289256198347,0,0,0,0,0.0991735537190083,0.0743801652892562,0.0165289256198347,0.140495867768595,0,0,0.0247933884297521,0.0330578512396694,0.0413223140495868,0,0.0165289256198347,0.0991735537190083,0.0743801652892562,0
et_wikipedia_org.ela_191506,0.253333333333333,0.0666666666666667,0.22,0.04,0,0.0266666666666667,0,0.0333333333333333,0.02,0.04,0.113333333333333,0,0.0533333333333333,0.04,0.686666666666667,6.12,18.75,0.413333333333333,0.210526315789474,0,0.02,0,0,0.0333333333333333,0.0666666666666667,0.0466666666666667,0,0,0.06,0.0533333333333333,4,0.02,0,0.00666666666666667,0,0,0,0.106666666666667,0.106666666666667,0,0,0,0,0.186666666666667,0.16,0.00666666666666667,0.00666666666666667,0,0.00666666666666667,0.0466666666666667,0.12,0,0.04,0.0133333333333333,0.00666666666666667,0,0.02,0.0466666666666667,0.00666666666666667,0,0.0133333333333333,0,0,0.0466666666666667,0.0266666666666667,0.04,0.18,0.166666666666667,0.0133333333333333,0.04,0.06,0,0,0.00666666666666667,0.0466666666666667,0.0266666666666667,0
www_lounaleht_ee.ela_576969,0.296296296296296,0.0740740740740741,0.0833333333333333,0.0555555555555556,0,0.037037037037037,0.00925925925925926,0.0185185185185185,0.0555555555555556,0.037037037037037,0.157407407407407,0,0.0277777777777778,0,0.787037037037037,5.60185185185185,21.6,0.62037037037037,0.09375,0,0.0277777777777778,0,0,0,0.0833333333333333,0.037037037037037,0,0,0.0740740740740741,0.0555555555555556,6.5,0.0185185185185185,0,0,0,0,0.0925925925925926,0.0277777777777778,0.111111111111111,0.00925925925925926,0,0,0.00925925925925926,0.157407407407407,0.175925925925926,0.0555555555555556,0.00925925925925926,0.037037037037037,0.0185185185185185,0.0462962962962963,0.037037037037037,0,0,0,0,0,0.0185185185185185,0.0555555555555556,0.0277777777777778,0.0185185185185185,0.0185185185185185,0,0,0.0462962962962963,0.037037037037037,0,0.138888888888889,0.0833333333333333,0.00925925925925926,0.037037037037037,0.0648148148148148,0,0,0.0277777777777778,0.0462962962962963,0.037037037037037,0
www_eestisport_ee.ela_196071,0.318840579710145,0.036231884057971,0.072463768115942,0.0434782608695652,0,0.0217391304347826,0.0144927536231884,0.0217391304347826,0.0072463768115942,0.152173913043478,0.166666666666667,0.0072463768115942,0.0217391304347826,0.0072463768115942,0.688405797101449,5.57246376811594,23,0.5,0.0681818181818182,0,0.0072463768115942,0,0,0,0.108695652173913,0,0,0,0.0869565217391304,0.0289855072463768,4.33333333333333,0,0.0072463768115942,0,0.0144927536231884,0,0.0289855072463768,0.0797101449275362,0.0869565217391304,0.0072463768115942,0,0,0,0.181159420289855,0.173913043478261,0.0434782608695652,0,0.0144927536231884,0.0072463768115942,0.0217391304347826,0.0507246376811594,0,0.0144927536231884,0,0,0,0.036231884057971,0.072463768115942,0.0072463768115942,0.0144927536231884,0.0144927536231884,0,0,0.0217391304347826,0.0289855072463768,0,0.152173913043478,0.130434782608696,0,0.072463768115942,0.036231884057971,0.0072463768115942,0,0.0144927536231884,0.0579710144927536,0.0217391304347826,0
sport_autonet_ee.ela_515760,0.2,0.0848484848484848,0.175757575757576,0.0545454545454545,0,0.0606060606060606,0,0.0121212121212121,0,0.0909090909090909,0.175757575757576,0,0.0181818181818182,0.0181818181818182,0.593939393939394,4.83636363636364,13.75,0.418181818181818,0.0909090909090909,0,0,0,0,0,0.133333333333333,0,0,0,0.121212121212121,0.0363636363636364,10,0,0,0.00606060606060606,0.00606060606060606,0,0.0363636363636364,0.0909090909090909,0.121212121212121,0,0,0,0,0.181818181818182,0.096969696969697,0.0545454545454545,0.00606060606060606,0.0242424242424242,0.0303030303030303,0.0424242424242424,0.0303030303030303,0.00606060606060606,0.00606060606060606,0,0.0121212121212121,0,0.0121212121212121,0.0666666666666667,0,0.00606060606060606,0.0121212121212121,0.00606060606060606,0,0.0727272727272727,0.0606060606060606,0.00606060606060606,0.157575757575758,0.0303030303030303,0.00606060606060606,0.0606060606060606,0.0545454545454545,0,0,0.0121212121212121,0.0666666666666667,0.0606060606060606,0
eok_ee.ela_435890,0.258928571428571,0.0892857142857143,0.169642857142857,0.0357142857142857,0,0.0178571428571429,0,0.0446428571428571,0.0178571428571429,0.0803571428571429,0.133928571428571,0,0.0357142857142857,0.00892857142857143,0.794642857142857,5.96428571428571,18.67,0.660714285714286,0.137931034482759,0,0.00892857142857143,0,0,0.0178571428571429,0.0892857142857143,0.00892857142857143,0,0,0.0535714285714286,0.0535714285714286,1.16666666666667,0,0.0178571428571429,0.00892857142857143,0.0267857142857143,0,0.00892857142857143,0.0803571428571429,0.0625,0,0,0,0.00892857142857143,0.276785714285714,0.169642857142857,0.0357142857142857,0.00892857142857143,0.00892857142857143,0.0357142857142857,0.00892857142857143,0.0446428571428571,0.0178571428571429,0.00892857142857143,0,0.00892857142857143,0,0.00892857142857143,0.0357142857142857,0.0267857142857143,0.0267857142857143,0.00892857142857143,0,0.00892857142857143,0.0267857142857143,0.0178571428571429,0.00892857142857143,0.160714285714286,0.107142857142857,0.0357142857142857,0.0535714285714286,0.0535714285714286,0.0178571428571429,0,0.0267857142857143,0.0267857142857143,0.0178571428571429,0
www_eestigiid_ee.ela_530847,0.281632653061224,0.0979591836734694,0.13469387755102,0.0571428571428571,0,0.0204081632653061,0,0.00816326530612245,0.00816326530612245,0.0857142857142857,0.187755102040816,0,0.0244897959183673,0.0530612244897959,0.575510204081633,4.99183673469388,22.27,0.404081632653061,0.0869565217391304,0.0204081632653061,0.00408163265306122,0,0,0,0.0979591836734694,0.00408163265306122,0,0,0.073469387755102,0.0653061224489796,4,0,0,0,0.0204081632653061,0,0.0938775510204082,0.00816326530612245,0.0775510204081633,0,0,0.00408163265306122,0.00408163265306122,0.240816326530612,0.114285714285714,0.0530612244897959,0,0.0489795918367347,0.0204081632653061,0.00816326530612245,0.0204081632653061,0,0.0204081632653061,0,0.00408163265306122,0.00408163265306122,0.00408163265306122,0.0244897959183673,0.0775510204081633,0.0122448979591837,0.00408163265306122,0,0,0.0122448979591837,0.0204081632653061,0.00816326530612245,0.0693877551020408,0.110204081632653,0.00408163265306122,0.0857142857142857,0.0612244897959184,0,0,0.0530612244897959,0.102040816326531,0.0204081632653061,0
www_director_ee.ela_529643,0.275132275132275,0.105820105820106,0.0317460317460317,0.100529100529101,0,0.0529100529100529,0.0158730158730159,0.0264550264550265,0.0264550264550265,0.0158730158730159,0.153439153439153,0,0.0740740740740741,0,0.703703703703704,5.64021164021164,21,0.534391534391534,0.269230769230769,0.0105820105820106,0,0.0105820105820106,0.00529100529100529,0,0.0952380952380952,0.0264550264550265,0.0264550264550265,0,0.0634920634920635,0.0529100529100529,1.7,0.0211640211640212,0,0,0.0317460317460317,0,0.0423280423280423,0.0793650793650794,0.0899470899470899,0,0,0,0,0.142857142857143,0.201058201058201,0.0476190476190476,0,0.0264550264550265,0.0105820105820106,0.0317460317460317,0.0264550264550265,0.00529100529100529,0.00529100529100529,0,0.00529100529100529,0,0,0.037037037037037,0.0105820105820106,0.00529100529100529,0.0105820105820106,0.00529100529100529,0.00529100529100529,0.0740740740740741,0.0529100529100529,0,0.100529100529101,0.121693121693122,0.00529100529100529,0.0158730158730159,0.0529100529100529,0.0105820105820106,0,0.0158730158730159,0.0687830687830688,0.0529100529100529,0
stiimul_ee.ela_330566,0.276315789473684,0.0789473684210526,0.0657894736842105,0.131578947368421,0,0.0526315789473684,0.0131578947368421,0.0328947368421053,0.00657894736842105,0.00657894736842105,0.144736842105263,0,0.0394736842105263,0.0131578947368421,0.730263157894737,5.99342105263158,19,0.519736842105263,0.142857142857143,0.00657894736842105,0,0.00657894736842105,0,0.00657894736842105,0.131578947368421,0.0328947368421053,0,0,0.0986842105263158,0.0657894736842105,1.88888888888889,0.00657894736842105,0,0.00657894736842105,0.0460526315789474,0,0.105263157894737,0.0526315789473684,0.111842105263158,0,0,0,0.00657894736842105,0.210526315789474,0.131578947368421,0.0131578947368421,0.0131578947368421,0.00657894736842105,0,0.0131578947368421,0.0197368421052632,0,0.00657894736842105,0,0,0.00657894736842105,0.0328947368421053,0.0592105263157895,0.0394736842105263,0.0197368421052632,0.0131578947368421,0,0,0.0263157894736842,0.0592105263157895,0.0131578947368421,0.105263157894737,0.0723684210526316,0.0131578947368421,0,0.0197368421052632,0.00657894736842105,0,0.0394736842105263,0.0789473684210526,0.0526315789473684,0
untitled,0.280701754385965,0.105263157894737,0.0789473684210526,0.0964912280701754,0,0.0526315789473684,0.0263157894736842,0.0263157894736842,0.0175438596491228,0.0175438596491228,0.12280701754386,0,0.0614035087719298,0,0.81578947368421,5.31578947368421,19,0.657894736842105,0.21875,0.0087719298245614,0.0175438596491228,0.0175438596491228,0,0.0175438596491228,0.12280701754386,0.0087719298245614,0.0350877192982456,0,0.0701754385964912,0.0350877192982456,4,0,0,0,0.0263157894736842,0,0.0526315789473684,0.0789473684210526,0.105263157894737,0,0,0,0,0.114035087719298,0.166666666666667,0.087719298245614,0,0.0087719298245614,0.0614035087719298,0.0087719298245614,0.0526315789473684,0,0.0263157894736842,0,0,0,0.0263157894736842,0.0526315789473684,0.0087719298245614,0,0.0175438596491228,0,0,0.0701754385964912,0.0526315789473684,0.0175438596491228,0.131578947368421,0.0964912280701754,0.0087719298245614,0.0087719298245614,0.0789473684210526,0.0175438596491228,0,0.0087719298245614,0.0526315789473684,0.0526315789473684,0
www_vorumaateataja_ee.ela_241120,0.244623655913978,0.0564516129032258,0.0295698924731183,0.123655913978495,0,0.0430107526881721,0.0295698924731183,0.0268817204301075,0.00806451612903226,0,0.14247311827957,0,0.0887096774193548,0,0.618279569892473,4.79838709677419,14.88,0.362903225806452,0.362637362637363,0.0134408602150538,0.00268817204301075,0.010752688172043,0,0.021505376344086,0.161290322580645,0.0161290322580645,0.0241935483870968,0,0.0887096774193548,0.0833333333333333,2.7,0.021505376344086,0,0.0134408602150538,0.0188172043010753,0,0.0456989247311828,0.118279569892473,0.139784946236559,0.00537634408602151,0,0,0.0161290322580645,0.104838709677419,0.0779569892473118,0.0806451612903226,0.010752688172043,0.0241935483870968,0.0134408602150538,0.0188172043010753,0.0591397849462366,0.00537634408602151,0.021505376344086,0,0,0,0.010752688172043,0.0591397849462366,0.010752688172043,0.032258064516129,0.0134408602150538,0.0134408602150538,0.00268817204301075,0.0672043010752688,0.0564516129032258,0.0268817204301075,0.123655913978495,0.0510752688172043,0.00268817204301075,0,0.0403225806451613,0.010752688172043,0,0.0241935483870968,0.0430107526881721,0.0430107526881721,0
www_lemmik_ee.ela_519214,0.330508474576271,0.0677966101694915,0.076271186440678,0.0847457627118644,0,0.0423728813559322,0.0254237288135593,0.00847457627118644,0,0.00847457627118644,0.135593220338983,0,0.0508474576271187,0,0.76271186440678,5.75423728813559,16.86,0.652542372881356,0.153846153846154,0.00847457627118644,0,0,0,0.0169491525423729,0.144067796610169,0.00847457627118644,0,0,0.0932203389830509,0.076271186440678,1.85714285714286,0.00847457627118644,0.00847457627118644,0,0.0423728813559322,0,0.0847457627118644,0.0677966101694915,0.110169491525424,0,0,0,0.0169491525423729,0.144067796610169,0.177966101694915,0.0677966101694915,0,0.0423728813559322,0.0169491525423729,0.0169491525423729,0.0423728813559322,0,0.0169491525423729,0,0,0,0.00847457627118644,0.0677966101694915,0.0169491525423729,0.0423728813559322,0.00847457627118644,0,0,0.0423728813559322,0.0593220338983051,0.0169491525423729,0.110169491525424,0.127118644067797,0.0169491525423729,0.00847457627118644,0.0508474576271187,0.0169491525423729,0,0.0169491525423729,0.0593220338983051,0.0423728813559322,0
www_politsei_ee.ela_40109,0.253012048192771,0.144578313253012,0.0963855421686747,0.0240963855421687,0,0.0481927710843374,0,0,0.0120481927710843,0.0602409638554217,0.108433734939759,0,0.0963855421686747,0.0120481927710843,0.746987951807229,5.42168674698795,20.75,0.542168674698795,0.380952380952381,0.0120481927710843,0,0,0,0.0481927710843374,0.156626506024096,0.0240963855421687,0,0,0.072289156626506,0.0843373493975904,1,0.036144578313253,0,0.0240963855421687,0.0481927710843374,0,0.0963855421686747,0.0602409638554217,0.0963855421686747,0.0120481927710843,0,0,0,0.168674698795181,0.108433734939759,0.036144578313253,0,0.0481927710843374,0.072289156626506,0.0120481927710843,0.0843373493975904,0,0.0120481927710843,0.0120481927710843,0,0.0240963855421687,0,0.0240963855421687,0.036144578313253,0.0120481927710843,0.0240963855421687,0,0,0.0240963855421687,0.0481927710843374,0.036144578313253,0.180722891566265,0.108433734939759,0,0.036144578313253,0.072289156626506,0,0,0.0481927710843374,0.072289156626506,0.0481927710843374,0
www_politsei_ee.ela_163441,0.4,0.0956521739130435,0.11304347826087,0.00869565217391304,0,0.0173913043478261,0.0260869565217391,0.0260869565217391,0.00869565217391304,0.0608695652173913,0.11304347826087,0,0.00869565217391304,0.00869565217391304,0.678260869565217,5.3304347826087,12.78,0.48695652173913,0.0217391304347826,0,0,0,0,0,0.0782608695652174,0.0521739130434783,0,0,0.0695652173913043,0.0260869565217391,4.33333333333333,0,0.00869565217391304,0,0.0173913043478261,0,0.0260869565217391,0.104347826086957,0.11304347826087,0,0,0,0,0.182608695652174,0.156521739130435,0.0956521739130435,0.00869565217391304,0.0521739130434783,0.0260869565217391,0.0260869565217391,0.0956521739130435,0,0.00869565217391304,0,0,0,0.00869565217391304,0.0434782608695652,0.0260869565217391,0,0,0,0,0.0608695652173913,0.0260869565217391,0,0.2,0.121739130434783,0.0173913043478261,0.0608695652173913,0.0869565217391304,0.00869565217391304,0,0.0260869565217391,0.0173913043478261,0.0173913043478261,0
www_kv_ee.ela_199481,0.343023255813953,0.133720930232558,0.0523255813953488,0.0232558139534884,0,0.0232558139534884,0,0.0290697674418605,0.00581395348837209,0.0406976744186047,0.226744186046512,0,0,0.0232558139534884,0.61046511627907,5.48255813953488,57.33,0.465116279069767,0,0,0,0,0,0,0.0755813953488372,0.0755813953488372,0,0,0.063953488372093,0.0697674418604651,0.8,0.00581395348837209,0,0.00581395348837209,0.0755813953488372,0,0.0697674418604651,0.0755813953488372,0.0697674418604651,0,0,0,0.00581395348837209,0.290697674418605,0.0697674418604651,0.0174418604651163,0,0.0348837209302326,0.0116279069767442,0.0116279069767442,0.0116279069767442,0.00581395348837209,0,0,0,0,0.0232558139534884,0.0174418604651163,0.0174418604651163,0.0174418604651163,0,0,0,0.0523255813953488,0.0232558139534884,0.00581395348837209,0.0697674418604651,0.11046511627907,0,0.0290697674418605,0.063953488372093,0,0,0.0348837209302326,0.22093023255814,0.0232558139534884,0
www_jeesusekristusekirik_ee.ela_65555,0.327586206896552,0.0689655172413793,0.155172413793103,0.0689655172413793,0,0.0344827586206897,0.0172413793103448,0.0344827586206897,0.00862068965517241,0,0.112068965517241,0,0.0344827586206897,0.00862068965517241,0.78448275862069,5.67241379310345,19.33,0.594827586206897,0.105263157894737,0.00862068965517241,0.00862068965517241,0,0,0,0.112068965517241,0.0172413793103448,0,0,0.0862068965517241,0.0517241379310345,1.83333333333333,0.0172413793103448,0,0.00862068965517241,0.0258620689655172,0,0.0172413793103448,0.103448275862069,0.0948275862068966,0,0,0,0,0.28448275862069,0.137931034482759,0.0431034482758621,0.00862068965517241,0,0,0.0172413793103448,0.0517241379310345,0,0,0,0.00862068965517241,0,0.0172413793103448,0.0775862068965517,0.00862068965517241,0.0258620689655172,0,0,0,0.0431034482758621,0.0344827586206897,0.00862068965517241,0.103448275862069,0.120689655172414,0.0517241379310345,0,0.0517241379310345,0.0172413793103448,0,0.00862068965517241,0.0775862068965517,0.0344827586206897,0
blablabla_ee.ela_504829,0.225108225108225,0.0432900432900433,0.0822510822510823,0.112554112554113,0.00432900432900433,0.0562770562770563,0.0606060606060606,0.00432900432900433,0.038961038961039,0,0.155844155844156,0,0.0432900432900433,0,0.658008658008658,5.04329004329004,21,0.432900432900433,0.192307692307692,0.00432900432900433,0.0173160173160173,0.00432900432900433,0.00432900432900433,0.00432900432900433,0.138528138528139,0.0303030303030303,0.038961038961039,0.00865800865800866,0.0649350649350649,0.0692640692640693,2.30769230769231,0.0173160173160173,0,0.012987012987013,0.025974025974026,0.00432900432900433,0.0432900432900433,0.112554112554113,0.125541125541126,0,0.00432900432900433,0,0,0.155844155844156,0.134199134199134,0.0649350649350649,0.012987012987013,0.0216450216450216,0.012987012987013,0.00432900432900433,0.012987012987013,0,0.012987012987013,0,0,0,0.00865800865800866,0.0432900432900433,0.0173160173160173,0.012987012987013,0,0,0,0.0735930735930736,0.0779220779220779,0.0216450216450216,0.0649350649350649,0.0822510822510823,0.012987012987013,0,0.0216450216450216,0.0303030303030303,0,0.012987012987013,0.0779220779220779,0.0562770562770563,0
www_porterracing_ee.ela_609577,0.26530612244898,0.0748299319727891,0.0340136054421769,0.142857142857143,0,0.0612244897959184,0.0204081632653061,0.0204081632653061,0.0340136054421769,0.0272108843537415,0.136054421768707,0,0.0408163265306122,0.0340136054421769,0.768707482993197,4.85034013605442,21,0.625850340136054,0.153846153846154,0,0,0.00680272108843537,0,0,0.129251700680272,0.00680272108843537,0.00680272108843537,0,0.0884353741496599,0.0680272108843537,2.14285714285714,0.00680272108843537,0.00680272108843537,0.00680272108843537,0.0272108843537415,0,0.00680272108843537,0.122448979591837,0.102040816326531,0,0,0,0.00680272108843537,0.136054421768707,0.108843537414966,0.054421768707483,0.00680272108843537,0.00680272108843537,0,0.0204081632653061,0.0136054421768707,0.00680272108843537,0.0136054421768707,0,0,0,0.0136054421768707,0.0748299319727891,0.00680272108843537,0.0204081632653061,0.0136054421768707,0.00680272108843537,0,0.0476190476190476,0.0612244897959184,0.0136054421768707,0.0884353741496599,0.054421768707483,0,0.0340136054421769,0.054421768707483,0.0272108843537415,0,0.00680272108843537,0.0680272108843537,0.0612244897959184,0
mesindus_ee.ela_210638,0.22,0.08,0.02,0.16,0,0,0.03,0.04,0.01,0.01,0.15,0,0.11,0,0.75,4.71,11.11,0.56,0.5,0.01,0,0.06,0,0.01,0.13,0,0.04,0,0.06,0.12,2.2,0.02,0.01,0,0.02,0,0.05,0.08,0.11,0,0,0,0.01,0.16,0.17,0.04,0,0.02,0.01,0,0.01,0,0,0,0,0.02,0.02,0.08,0.01,0.05,0,0,0,0.04,0,0,0.09,0.11,0,0,0.07,0.05,0,0.01,0.01,0,0
www_easl_ee.ela_201171,0.222222222222222,0.0740740740740741,0.283950617283951,0.0740740740740741,0,0.0493827160493827,0,0,0,0.0246913580246914,0.135802469135802,0,0.037037037037037,0.0123456790123457,0.765432098765432,7.09876543209877,20.25,0.666666666666667,0.166666666666667,0,0,0,0,0,0.111111111111111,0.0123456790123457,0,0,0.0864197530864197,0.037037037037037,4,0,0,0,0.0246913580246914,0,0.037037037037037,0.0864197530864197,0.0987654320987654,0,0,0,0,0.271604938271605,0.0740740740740741,0.0987654320987654,0.0123456790123457,0.037037037037037,0,0,0.0987654320987654,0,0.0123456790123457,0,0,0,0.0246913580246914,0.0617283950617284,0.0246913580246914,0,0.037037037037037,0,0,0.0246913580246914,0.0493827160493827,0.0123456790123457,0.135802469135802,0.0864197530864197,0.037037037037037,0.0123456790123457,0.0123456790123457,0,0,0.0246913580246914,0.0740740740740741,0.0493827160493827,0
blog_maaleht_ee.ela_73268,0.321969696969697,0.0643939393939394,0.00378787878787879,0.113636363636364,0,0.0265151515151515,0.0378787878787879,0.0265151515151515,0.0303030303030303,0.00757575757575758,0.15530303030303,0,0.0416666666666667,0.00757575757575758,0.772727272727273,5.52651515151515,12,0.606060606060606,0.129411764705882,0,0.00378787878787879,0.0113636363636364,0,0.00757575757575758,0.140151515151515,0.00378787878787879,0.0378787878787879,0,0.0643939393939394,0.0568181818181818,2.90909090909091,0.0151515151515152,0.00378787878787879,0.00757575757575758,0.0151515151515152,0,0.0492424242424242,0.0871212121212121,0.109848484848485,0.0113636363636364,0,0,0.0151515151515152,0.109848484848485,0.132575757575758,0.0946969696969697,0.00757575757575758,0.0303030303030303,0.0113636363636364,0.0151515151515152,0.0265151515151515,0,0.0151515151515152,0.00757575757575758,0,0,0.0113636363636364,0.0606060606060606,0.0151515151515152,0.0265151515151515,0.00378787878787879,0.00378787878787879,0,0.053030303030303,0.0378787878787879,0.0113636363636364,0.102272727272727,0.0946969696969697,0,0.0113636363636364,0.0454545454545455,0.0340909090909091,0,0.0113636363636364,0.0454545454545455,0.0265151515151515,0
www_sirp_ee.ela_651305,0.234146341463415,0.0926829268292683,0.146341463414634,0.107317073170732,0,0.0536585365853659,0,0.024390243902439,0.00975609756097561,0.024390243902439,0.11219512195122,0,0.0536585365853659,0,0.726829268292683,5.68292682926829,18.64,0.536585365853659,0.229166666666667,0.00975609756097561,0.00487804878048781,0,0,0.00975609756097561,0.141463414634146,0.00975609756097561,0,0,0.0926829268292683,0.0536585365853659,2.1,0,0,0.00487804878048781,0.0439024390243902,0,0.0439024390243902,0.102439024390244,0.0975609756097561,0,0,0.00487804878048781,0,0.160975609756098,0.185365853658537,0.0585365853658537,0,0.0195121951219512,0.0390243902439024,0.0146341463414634,0.0439024390243902,0.00487804878048781,0.024390243902439,0,0.00487804878048781,0,0.00487804878048781,0.0634146341463415,0.0146341463414634,0.0292682926829268,0.0195121951219512,0,0,0.0585365853658537,0.0536585365853659,0.00975609756097561,0.0878048780487805,0.107317073170732,0.0195121951219512,0.024390243902439,0.0780487804878049,0,0,0.0146341463414634,0.0634146341463415,0.0536585365853659,0
www_horsemarket_ee.ela_436247,0.21264367816092,0.0718390804597701,0.14367816091954,0.0862068965517241,0,0.0431034482758621,0.0114942528735632,0.00574712643678161,0.00862068965517241,0.0172413793103448,0.175287356321839,0,0.0660919540229885,0.0258620689655172,0.660919540229885,5.29885057471264,12,0.454022988505747,0.310810810810811,0.00574712643678161,0.0028735632183908,0,0,0.0344827586206897,0.132183908045977,0.0114942528735632,0,0,0.114942528735632,0.0545977011494253,3.75,0.014367816091954,0.00574712643678161,0.0028735632183908,0.0114942528735632,0,0.0229885057471264,0.117816091954023,0.126436781609195,0,0,0.0028735632183908,0.00574712643678161,0.195402298850575,0.0775862068965517,0.0431034482758621,0,0.0660919540229885,0.0028735632183908,0.0229885057471264,0.014367816091954,0.00574712643678161,0.00862068965517241,0,0.00862068965517241,0.0028735632183908,0.014367816091954,0.0833333333333333,0.0201149425287356,0.00574712643678161,0.00862068965517241,0.0028735632183908,0,0.0517241379310345,0.0488505747126437,0.0172413793103448,0.123563218390805,0.0373563218390805,0.0172413793103448,0.014367816091954,0.0545977011494253,0.0172413793103448,0,0.0172413793103448,0.0660919540229885,0.0431034482758621,0
www_eramets_ee.ela_479405,0.337078651685393,0.235955056179775,0.0449438202247191,0.0561797752808989,0,0.0449438202247191,0.0337078651685393,0,0,0.0561797752808989,0.0898876404494382,0,0,0.0112359550561798,0.707865168539326,7.47191011235955,29.67,0.460674157303371,0,0,0,0,0,0,0.0898876404494382,0.0561797752808989,0,0,0.0561797752808989,0.0337078651685393,0.5,0.0224719101123595,0,0,0.0898876404494382,0,0.0898876404494382,0.0561797752808989,0.0561797752808989,0,0,0,0,0.123595505617978,0.0674157303370787,0.112359550561798,0.0112359550561798,0.0898876404494382,0.0449438202247191,0.0449438202247191,0.0674157303370787,0,0.0337078651685393,0,0,0,0.0337078651685393,0.0337078651685393,0,0.0224719101123595,0,0,0,0.0337078651685393,0.0449438202247191,0.0224719101123595,0.157303370786517,0.0898876404494382,0,0.0561797752808989,0.146067415730337,0.0337078651685393,0,0,0.0674157303370787,0.0449438202247191,0
reisiajakiri_gomaailm_ee.ela_530539,0.233160621761658,0.0673575129533679,0.0310880829015544,0.113989637305699,0,0.0362694300518135,0.0466321243523316,0.0362694300518135,0.0362694300518135,0,0.150259067357513,0,0.0673575129533679,0,0.704663212435233,5.39378238341969,24.12,0.55440414507772,0.288888888888889,0.0155440414507772,0.00518134715025907,0.0207253886010363,0,0,0.139896373056995,0.0103626943005181,0.0362694300518135,0,0.0518134715025907,0.0984455958549223,2.09090909090909,0.0207253886010363,0.00518134715025907,0.0155440414507772,0.0155440414507772,0,0.119170984455959,0.0155440414507772,0.119170984455959,0,0,0,0.0362694300518135,0.10880829015544,0.0984455958549223,0.0829015544041451,0.0259067357512953,0.0155440414507772,0.0207253886010363,0.0310880829015544,0.0466321243523316,0,0.00518134715025907,0,0,0,0.0103626943005181,0.0466321243523316,0.0259067357512953,0.0310880829015544,0.0155440414507772,0,0,0.0362694300518135,0.0466321243523316,0.0207253886010363,0.10880829015544,0.0518134715025907,0,0,0.0466321243523316,0.0414507772020725,0,0.0362694300518135,0.0466321243523316,0.0362694300518135,0
www_post_ee.ela_149870,0.424242424242424,0.0909090909090909,0.131313131313131,0.0404040404040404,0,0.0404040404040404,0,0.0202020202020202,0,0.0303030303030303,0.0909090909090909,0,0.0101010101010101,0.0202020202020202,0.696969696969697,7,16.5,0.505050505050505,0.0238095238095238,0,0,0,0,0,0.121212121212121,0.0101010101010101,0,0,0.0909090909090909,0.0404040404040404,3.33333333333333,0,0,0.0202020202020202,0.0101010101010101,0,0.0808080808080808,0.0303030303030303,0.101010101010101,0,0,0,0,0.141414141414141,0.313131313131313,0.0303030303030303,0.0202020202020202,0.0505050505050505,0.0505050505050505,0.0404040404040404,0.0101010101010101,0.0101010101010101,0.0202020202020202,0.0101010101010101,0,0,0,0.0707070707070707,0.0101010101010101,0.0202020202020202,0,0,0,0.0606060606060606,0.0404040404040404,0.0101010101010101,0.101010101010101,0.262626262626263,0.0101010101010101,0.0303030303030303,0.0707070707070707,0,0,0.0101010101010101,0.0606060606060606,0.0404040404040404,0
www_tallegg_ee.ela_33687,0.233962264150943,0.0905660377358491,0.00754716981132076,0.132075471698113,0.0113207547169811,0.060377358490566,0.0226415094339623,0.0113207547169811,0.0150943396226415,0,0.147169811320755,0,0.0679245283018868,0.00377358490566038,0.70188679245283,5.10188679245283,15.59,0.479245283018868,0.290322580645161,0.00377358490566038,0.00377358490566038,0.00377358490566038,0.0150943396226415,0,0.162264150943396,0.0113207547169811,0.00377358490566038,0.0113207547169811,0.0754716981132075,0.10188679245283,1.15384615384615,0.0264150943396226,0.0113207547169811,0.0264150943396226,0.0339622641509434,0.0113207547169811,0.124528301886792,0.0226415094339623,0.10188679245283,0.0113207547169811,0,0,0.00754716981132076,0.166037735849057,0.0754716981132075,0.0490566037735849,0.0226415094339623,0.0226415094339623,0.0264150943396226,0.0188679245283019,0.0188679245283019,0,0.00754716981132076,0,0,0,0.0113207547169811,0.0566037735849057,0.0339622641509434,0.0377358490566038,0.0150943396226415,0,0.00377358490566038,0.0566037735849057,0.0641509433962264,0.0226415094339623,0.0792452830188679,0.0377358490566038,0.00377358490566038,0.00377358490566038,0.0415094339622642,0.0226415094339623,0,0.0377358490566038,0.0679245283018868,0.060377358490566,0
www_kasutatudraamat_ee.ela_68759,0.15948275862069,0.0603448275862069,0.0474137931034483,0.150862068965517,0,0.0344827586206897,0.0172413793103448,0.0258620689655172,0.0129310344827586,0.00431034482758621,0.202586206896552,0,0.0948275862068966,0.00862068965517241,0.676724137931034,5.03879310344828,11.6,0.456896551724138,0.594594594594595,0.0129310344827586,0.00431034482758621,0.00431034482758621,0.00431034482758621,0.0603448275862069,0.163793103448276,0.00431034482758621,0.0129310344827586,0.00431034482758621,0.0991379310344828,0.0517241379310345,2.21428571428571,0.021551724137931,0.00431034482758621,0.0129310344827586,0.021551724137931,0,0.0775862068965517,0.0775862068965517,0.125,0,0.00431034482758621,0.00431034482758621,0.0129310344827586,0.129310344827586,0.0689655172413793,0.0517241379310345,0.0129310344827586,0.0258620689655172,0.021551724137931,0.0172413793103448,0.0258620689655172,0.00431034482758621,0.00862068965517241,0,0.00431034482758621,0,0.00862068965517241,0.0732758620689655,0.0172413793103448,0.0129310344827586,0,0,0,0.0431034482758621,0.0387931034482759,0.0344827586206897,0.0905172413793103,0.0517241379310345,0.00431034482758621,0.00431034482758621,0.0344827586206897,0.0172413793103448,0,0.0258620689655172,0.0387931034482759,0.0344827586206897,0
www_autoleht_ee.ela_469280,0.254901960784314,0.0784313725490196,0.0980392156862745,0.117647058823529,0,0.0294117647058823,0.0196078431372549,0.0294117647058823,0,0.0882352941176471,0.137254901960784,0,0.0196078431372549,0.0588235294117647,0.774509803921569,5.35294117647059,12.75,0.656862745098039,0.0769230769230769,0,0,0,0,0,0.0980392156862745,0.00980392156862745,0,0,0.0882352941176471,0.0490196078431373,2.5,0.0294117647058823,0,0,0.00980392156862745,0,0.107843137254902,0,0.0980392156862745,0,0,0,0,0.186274509803922,0.0784313725490196,0.0588235294117647,0,0,0.00980392156862745,0.0392156862745098,0.0196078431372549,0,0,0,0,0,0.0294117647058823,0.0490196078431373,0.0196078431372549,0.0196078431372549,0.00980392156862745,0,0,0.0490196078431373,0.0294117647058823,0,0.0882352941176471,0.0784313725490196,0.00980392156862745,0.0686274509803922,0.0392156862745098,0.0196078431372549,0,0.0196078431372549,0.0490196078431373,0.0294117647058823,0
kaja_ekstreem_ee.ela_71641,0.203636363636364,0.0581818181818182,0.0727272727272727,0.112727272727273,0,0.0436363636363636,0.0327272727272727,0.0218181818181818,0.0109090909090909,0.0436363636363636,0.185454545454545,0,0.0581818181818182,0,0.643636363636364,4.88,16.18,0.403636363636364,0.285714285714286,0.0181818181818182,0.00727272727272727,0.0181818181818182,0,0.00363636363636364,0.105454545454545,0.0290909090909091,0.0109090909090909,0,0.0690909090909091,0.0581818181818182,2.81818181818182,0.0181818181818182,0,0,0.0218181818181818,0,0.0763636363636364,0.0581818181818182,0.109090909090909,0,0,0.00363636363636364,0.00727272727272727,0.167272727272727,0.109090909090909,0.0509090909090909,0.00363636363636364,0.0218181818181818,0.04,0.0109090909090909,0.0109090909090909,0.00363636363636364,0.0109090909090909,0,0.00363636363636364,0,0,0.0436363636363636,0.0218181818181818,0.0290909090909091,0.00363636363636364,0,0,0.0436363636363636,0.0545454545454545,0.0181818181818182,0.0872727272727273,0.0909090909090909,0,0.0254545454545455,0.0472727272727273,0.0181818181818182,0,0.0218181818181818,0.0509090909090909,0.0436363636363636,0
